{"assets/flag/2.png":["assets/flag/2.png"],"assets/flag/3.png":["assets/flag/3.png"],"assets/flag/arsenal.png":["assets/flag/arsenal.png"],"assets/flag/england.png":["assets/flag/england.png"],"assets/flag/logo.png":["assets/flag/logo.png"],"assets/flag/mu1.png":["assets/flag/mu1.png"],"assets/icons/playstore.png":["assets/icons/playstore.png"],"assets/image/Epl.png":["assets/image/Epl.png"],"assets/image/Odegard.png":["assets/image/Odegard.png"],"packages/cupertino_icons/assets/CupertinoIcons.ttf":["packages/cupertino_icons/assets/CupertinoIcons.ttf"]}